ID,Name,Glottocode,ISO639P3code,Level,Macroarea,Latitude,Longitude
achi1257,Acehnese,achi1257,ace,language,Eurasia;Papunesia,3.90757,96.6032
adyg1241,West Circassian,adyg1241,ady,language,Eurasia,44.0,39.33
afar1241,Afar,afar1241,aar,language,Africa,12.2281,41.8083
afri1274,Afrikaans,afri1274,afr,language,Africa,-31.63272,20.46356
ainu1240,Hokkaido Ainu,ainu1240,ain,language,Eurasia,43.633654,142.46167
akan1250,Akan,akan1250,aka,language,Africa,6.34756,-1.33254
alba1267,Albanian,alba1267,sqi,family,Eurasia,40.99952028050002,20.791828239250023
amel1241,Amele,amel1241,aey,language,Papunesia,-5.29126,145.687
amer1248,American Sign Language,amer1248,ase,language,Africa;North America,33.8117,-81.6121
amha1245,Amharic,amha1245,amh,language,Africa,11.708182,39.543456
anci1242,Ionic-Attic Ancient Greek,anci1242,grc,language,Eurasia,39.8155,21.9129
anua1242,Anuak,anua1242,anu,language,Africa,7.57714,34.0267
apal1257,Apalaí,apal1257,apy,language,South America,1.49792,-54.7457
arch1244,Archi,arch1244,aqc,language,Eurasia,42.3239,46.8267
arhu1242,Arhuaco,arhu1242,arh,language,South America,10.7018,-73.6363
astu1245,Asturian-Leonese-Cantabrian,astu1245,ast,language,Eurasia,42.4181,-6.02227
aton1241,Atong (India),aton1241,aot,language,Eurasia,25.346508,90.658722
avar1256,Avar,avar1256,ava,language,Eurasia,41.7047,46.558
awap1236,Awa (Papua New Guinea),awap1236,awb,language,Papunesia,-6.65534,145.714
awin1248,Awing,awin1248,azo,language,Africa,5.88362,10.264
bagi1246,Bagirmi,bagi1246,bmi,language,Africa,11.52392,14.769495
bais1246,Baiso,bais1246,bsw,language,Africa,6.44892,37.7681
bali1278,Balinese,bali1278,ban,language,Papunesia,-8.35714,115.075
bamb1269,Bambara,bamb1269,bam,language,Africa,12.9,-7.65
band1340,Bandial,band1340,bqj,language,Africa,12.5258,-16.4245
baou1238,Baoulé,baou1238,bci,language,Africa,5.42509,-4.76565
bard1255,Bardi,bard1255,bcj,language,Australia,-16.6274,122.906
basq1248,Basque,basq1248,eus,language,Eurasia,43.2787,-1.31622
bata1289,Batak Toba,bata1289,bbc,language,Papunesia,2.35498,99.1761
bela1254,Belarusian,bela1254,bel,language,Eurasia,53.2307,25.6038
bemb1257,Bemba (Zambia),bemb1257,bem,language,Africa,-10.6122,29.2993
beri1254,Berik,beri1254,bkl,language,Papunesia,-2.26904,138.866
bign1238,Big Nambas,bign1238,nmb,language,Papunesia,-16.0903,167.239
bina1277,Binandere,bina1277,bhg,language,Papunesia,-8.37433,147.884
braz1246,Brazilian Portuguese,braz1246,,dialect,Eurasia,39.91,-8.1
buku1249,Bukusu,buku1249,bxk,language,Africa,0.68043,34.7719
bulg1262,Bulgarian,bulg1262,bul,language,Eurasia,43.3646,25.047
buli1254,Buli (Ghana),buli1254,bwu,language,Africa,10.5763,-1.26748
buru1296,Burushaski,buru1296,bsk,language,Eurasia,36.2161,74.8236
cadd1256,Caddo,cadd1256,cad,language,North America,33.33,-93.5
cant1236,Cantonese,cant1236,,dialect,Eurasia,23.0118,113.2021
cash1251,Cashibo-Cacataibo,cash1251,cbr,language,South America,-8.70232,-75.4206
cata1290,Català Occidental,cata1290,,dialect,Eurasia,41.453,1.569
cent2050,Central Kanuri,cent2050,knc,language,Africa,11.8,13.13
cent2117,Central Asmat,cent2117,cns,language,Papunesia,-5.80391,138.471
cent2127,Central Alaskan Yupik,cent2127,esu,language,North America,60.3062,-161.486
cent2142,Central Aymara,cent2142,ayr,language,South America,-17.0,-68.5
cent2346,Central Tibetan,cent2346,,family,Eurasia,28.499340054674093,87.5137602387664
chac1251,Chácobo,chac1251,cao,language,South America,-12.133,-66.7164
cham1312,Chamorro,cham1312,cha,language,Papunesia,13.438011,144.74474
chey1247,Cheyenne,chey1247,chy,language,North America,45.5321,-106.659
chic1270,Chickasaw,chic1270,cic,language,North America,34.0,-88.0
chim1312,Chimwiini,chim1312,,language,Africa,1.111787,44.026991
chin1286,Clatsop-Shoalwater Chinook,chin1286,chh,language,North America,46.39132,-123.9249
chip1241,Chippewa,chip1241,ciw,language,North America,47.347,-94.2738
chit1248,Chitimacha,chit1248,ctm,language,North America,30.3386,-90.9123
chol1282,Chol,chol1282,ctu,language,North America,17.4897,-92.4698
chra1242,Chrau,chra1242,crw,language,Eurasia,10.8021,107.293
chuj1250,Chuj,chuj1250,cac,language,North America,15.8399,-91.76
chuk1273,Chukchi,chuk1273,ckt,language,Eurasia,68.6436,170.045
cjin1234,Basilectal Colloquial Jakarta Indonesian,cjin1234,,dialect,Papunesia,-6.277146,106.848088
clas1250,Classical Nahuatl,clas1250,nci,language,North America,19.72,-96.97
clas1254,Classical Tibetan,clas1254,xct,language,Eurasia,29.24,92.01
como1259,Comox,como1259,coo,language,North America,49.7233,-124.967
croa1245,Croatian Standard,croa1245,hrv,dialect,Eurasia,45.555,15.982
czec1258,Czech,czec1258,ces,language,Eurasia,49.873398,15.10437
daga1275,Daga,daga1275,dgz,language,Papunesia,-9.9747,149.263
dani1285,Danish,dani1285,dan,language,Eurasia,54.8655,9.36284
darg1241,North-Central Dargwa,darg1241,dar,language,Eurasia,42.4257,47.4388
darm1243,Darma,darm1243,drd,language,Eurasia,29.8629,80.5439
diml1238,Dimli,diml1238,diq,language,Eurasia,38.6147,39.6388
dong1288,Dongola,dong1288,dgl,dialect,Africa,18.25,30.75
doya1240,Doyayo,doya1240,dow,language,Africa,8.68604,13.0768
dumb1241,Dumbea,dumb1241,duf,language,Papunesia,-22.0947,166.531
dutc1256,Dutch,dutc1256,nld,language,Eurasia,52.0,5.0
dyir1250,Dyirbal,dyir1250,dbl,language,Australia,-17.4516,145.544
east2295,Eastern Yiddish,east2295,ydd,language,Eurasia,51.75,19.42
east2652,Eastern Oromo,east2652,hae,language,Africa,8.67428,41.4395
east2774,East Khanty,east2774,,family,Eurasia,59.97339,74.44
east2879,East Mansi,east2879,,dialect,Eurasia,61.1432,62.4023
egyp1253,Egyptian Arabic,egyp1253,arz,language,Africa;Eurasia,31.0,31.0
erzy1239,Erzya,erzy1239,myv,language,Eurasia,52.8548,45.3901
even1260,Even,even1260,eve,language,Eurasia,70.6687,130.914
ewee1241,Ewe,ewee1241,ewe,language,Africa,6.46061,0.814975
fiji1243,Fijian,fiji1243,fij,language,Papunesia,-18.0,178.33
finn1318,Finnish,finn1318,fin,language,Eurasia,64.7628,25.5577
gaaa1244,Ga,gaaa1244,gaa,language,Africa,5.65488,-0.18598
gabo1234,Gabogbo,gabo1234,gie,language,Africa,5.964761,-5.841819
gads1258,Gadsup,gads1258,gaj,language,Papunesia,-6.31631,145.997
gahr1239,Bunan,gahr1239,bfu,language,Eurasia,32.2168,77.9596
gali1258,Galician,gali1258,glg,language,Eurasia,42.2446,-7.5343
gali1262,Galibi Carib,gali1262,car,language,South America,5.83772,-56.8323
gand1255,Ganda,gand1255,lug,language,Africa,0.66884,32.15153
germ1287,Germanic,germ1287,,family,Africa;Australia;Eurasia;North America;Papunesia;South America,50.74959799500929,20.883353986000053
gily1242,Amur Nivkh,gily1242,niv,language,Eurasia,52.59,140.681
gitx1241,Gitxsan,gitx1241,git,language,North America,55.09,-128.08
goan1235,Goan Konkani,goan1235,gom,language,Eurasia,15.2732,74.2098
goon1238,Gooniyandi,goon1238,gni,language,Australia,-18.4073,126.351
gras1249,Grass Koiari,gras1249,kbk,language,Papunesia,-9.51218,147.437
guar1293,Baniva de Maroa,guar1293,gae,language,South America,1.80835,-66.922505
gulf1241,Gulf Arabic,gulf1241,afb,language,Eurasia,30.17,47.5
gunw1252,Bininj Kun-Wok,gunw1252,gup,language,Australia,-12.3398,133.358
guru1271,Guruntum-Mbaaru,guru1271,grd,language,Africa,9.87332,10.162
hait1244,Haitian,hait1244,hat,language,North America,18.795135,-72.136115
halh1238,Halh Mongolian,halh1238,khk,language,Eurasia,48.32397,106.28874
haus1257,Hausa,haus1257,hau,language,Africa,11.1513,8.7804
hebr1245,Modern Hebrew,hebr1245,heb,language,Eurasia,31.1056,35.0179
hemb1242,Hemba-Yazi,hemb1242,hem,language,Africa,-7.77459,27.5913
high1276,Highland Popoluca,high1276,poi,language,North America,18.198,-94.9109
hind1269,Hindi,hind1269,hin,language,Eurasia,25.0,77.0
hoch1243,Ho-Chunk,hoch1243,win,language,North America,43.5,-88.5
homs1234,Western Armenian,homs1234,hyw,language,Eurasia,40.1897,44.4839
hopi1249,Hopi,hopi1249,hop,language,North America,35.7653,-110.535
hual1241,Huallaga Huánuco Quechua,hual1241,qub,language,South America,-9.57135,-75.594
huay1240,Huaylas Ancash Quechua,huay1240,qwh,language,South America,-9.38709,-77.7768
huic1243,Huichol,huic1243,hch,language,North America,21.954,-104.062
hung1274,Hungarian,hung1274,hun,language,Eurasia,46.9068585714,19.6555271429
icel1247,Icelandic,icel1247,isl,language,Eurasia,63.4837,-19.0212
ilok1237,Iloko,ilok1237,ilo,language,Papunesia,15.9361,120.993
indo1316,Standard Indonesian,indo1316,ind,language,Papunesia,-7.33458,109.716
iris1253,Irish,iris1253,gle,language,Eurasia,53.2186,-7.61509
ital1282,Italian,ital1282,ita,language,Eurasia,43.0464,12.6489
itel1242,West Itelmen,itel1242,itl,language,Eurasia,56.046173,156.30704
iton1250,Itonama,iton1250,ito,language,South America,-12.80431,-64.35748
itza1241,Itza',itza1241,itz,language,North America,17.0269,-89.8734
ixil1251,Ixil,ixil1251,ixl,language,North America,15.4569,-90.8935
japa1238,Japanese Sign Language,japa1238,jsl,language,Eurasia,36.0221,139.079
jara1276,Jarawara,jara1276,,dialect,South America,-7.62223,-66.5662
jauj1238,Jauja Wanca Quechua,jauj1238,qxw,language,South America,-11.6747,-75.2786
java1254,Javanese,java1254,jav,language,Papunesia,-7.001,109.287
kagu1239,Kagulu,kagu1239,kki,language,Africa,-6.38204,37.0534
kala1399,Kalaallisut,kala1399,kal,language,North America,69.3761,-52.864
kalk1246,Kalkatungu,kalk1246,ktg,language,Australia,-21.0,139.5
kami1256,Kami (Tanzania),kami1256,kcu,language,Africa,-6.71075,37.98
kaqc1270,Kaqchikel,kaqc1270,cak,language,North America,14.4662,-90.9881
kash1274,Kashubian,kash1274,csb,language,Eurasia,54.2996,18.6163
kash1277,Kashmiri,kash1277,kas,language,Eurasia,34.166825,74.330455
kash1280,Kashaya,kash1280,kju,language,North America,38.5424,-123.08
kekc1242,Q'eqchi',kekc1242,kek,language,North America,15.3788,-89.2452
khar1287,Kharia,khar1287,khr,language,Eurasia,22.3571,84.3922
khmu1256,Khmu,khmu1256,kjg,language,Eurasia,20.2463,101.671
kich1262,K'iche',kich1262,quc,language,North America,14.5278,-91.1696
kimb1241,Kimbundu,kimb1241,kmb,language,Africa,-8.97835,14.8893
kiny1244,Kinyarwanda,kiny1244,kin,language,Africa,-1.56771,29.6441
kiow1266,Kiowa,kiow1266,kio,language,North America,34.9403,-98.9042
kirg1245,Kirghiz,kirg1245,kir,language,Eurasia,42.0,74.0
kisa1266,Kisar,kisa1266,kje,language,Papunesia,-8.05122,127.18
komb1274,Kombai,komb1274,tyn,language,Papunesia,-5.54543,139.902
komi1268,Komi-Zyrian,komi1268,kpv,language,Eurasia,64.0527,54.946
koon1244,South-Central Koongo,koon1244,kng,language,Africa,-5.57722,14.4771
koon1247,Koongo-Kituba,koon1247,,family,Africa,-4.009923333333333,15.3989
koor1239,Koorete,koor1239,kqy,language,Africa,5.80545,37.8679
kore1280,Korean,kore1280,kor,language,Eurasia,37.54,126.98
kory1246,Koryak,kory1246,kpy,language,Eurasia,63.8977,166.695
koyr1240,Koyra Chiini Songhay,koyr1240,khq,language,Africa,16.192,-3.73962
kuma1280,Kuman,kuma1280,kue,language,Papunesia,-5.90586,144.977
kuna1268,Kunama,kuna1268,kun,language,Africa,14.5879,37.5292
kuni1267,Kunimaipa,kuni1267,kup,language,Papunesia,-8.09371,146.908
kute1249,Kutenai,kute1249,kut,language,North America,48.7892,-115.065
kwak1269,Kwak'wala,kwak1269,kwk,language,North America,50.9269,-127.308
kwer1242,Greater Kwerba,kwer1242,,family,Papunesia,-1.9549208333333334,138.4150833333333
lakk1252,Lak,lakk1252,lbe,language,Eurasia,42.1328,47.0809
lako1244,Lakota Dida,lako1244,dic,language,Africa,5.86012,-5.40633
lang1324,Lango (Uganda),lang1324,laj,language,Africa,2.13867,33.0553
lati1261,Latin,lati1261,lat,language,Eurasia,41.9026,12.4502
latv1249,Latvian,latv1249,lav,language,Eurasia,56.826108,24.309118
lena1238,Lenakel,lena1238,tnl,language,Papunesia,-19.4763,169.261
leng1262,Lengua,leng1262,,family,South America,-22.6559,-58.9053
lezg1247,Lezgian,lezg1247,lez,language,Eurasia,41.5157,47.8951
lill1248,Lillooet,lill1248,lil,language,North America,50.7272,-122.04
limb1263,Limburgan,limb1263,lim,language,Eurasia,51.015,5.87705
lith1251,Lithuanian,lith1251,lit,language,Eurasia,55.1429,23.9601
loka1252,Lokaa,loka1252,yaz,language,Africa,5.91483,8.0933
lomb1257,Lombard,lomb1257,lmo,language,Eurasia,45.8817,9.39509
long1395,Longgu,long1395,lgu,language,Papunesia,-9.75258,160.663
lowe1386,Lower Engadine,lowe1386,,dialect,Eurasia,46.5538,9.92812
lumm1243,Lummi,lumm1243,,dialect,North America,48.51614,-123.757114
luok1236,Luo (Kenya and Tanzania),luok1236,luo,language,Africa,-0.93296,34.4896
maca1260,Maká,maca1260,mca,language,South America,-25.0119,-57.3694
mace1250,Macedonian,mace1250,mkd,language,Eurasia,41.5957,21.7932
macu1260,Macuna,macu1260,myy,language,South America,-0.14459,-70.0749
maga1260,Magahi,maga1260,mag,language,Eurasia,25.0915,85.3335
maka1311,Makasar,maka1311,mak,language,Papunesia,-5.65551,119.838
mako1251,Makonde,mako1251,kde,language,Africa,-10.9906,39.5133
malt1254,Maltese,malt1254,mlt,language,Eurasia,35.8884,14.4508
mamm1241,Mam,mamm1241,mam,language,North America,14.8034,-91.7231
mand1415,Mandarin Chinese,mand1415,cmn,language,Eurasia,40.0209,116.228
mand1436,Mandinka,mand1436,mnk,language,Africa,12.8165233333,-15.6539466667
mand1446,Mandan,mand1446,mhq,language,North America,46.83,-101.0
mang1381,Mangarrayi,mang1381,mpc,language,Australia,-14.8,133.5
mara1378,Marathi,mara1378,mar,language,Eurasia,17.9344,76.6665
mara1404,Maranao,mara1404,mrw,language,Papunesia,7.79414,124.175
mari1440,Maricopa,mari1440,mrc,language,North America,33.5123,-111.749
mart1255,Martuthunira,mart1255,vma,language,Australia,-20.9294,116.607
maxa1247,Maxakalí,maxa1247,mbl,language,South America,-16.9402,-40.7891
mbaa1245,Mba,mbaa1245,mfc,language,Africa,1.06885,25.143
mele1250,Mele-Fila,mele1250,mxe,language,Papunesia,-17.6841,168.275
midd1317,Middle English,midd1317,enm,language,Eurasia,51.65,-1.11
midd1321,Middle Dutch,midd1321,dum,language,Eurasia,51.656,5.34
miya1266,Miya,miya1266,mkf,language,Africa,10.9234,9.71505
mode1248,Modern Greek,mode1248,ell,language,Eurasia,38.36,23.13
moha1258,Mohawk,moha1258,moh,language,North America,43.72,-74.66836
mori1278,Morisyen,mori1278,mfe,language,Africa,-20.2613,57.5517
moro1292,Moroccan Arabic,moro1292,ary,language,Africa,32.5,-7.5
motl1237,Mwotlap,motl1237,mlv,language,Papunesia,-13.655015,167.706277
muna1247,Muna,muna1247,mnb,language,Papunesia,-5.40419,122.541
mupu1234,Mupun,mupu1234,,dialect,Africa,9.47205,8.96522
mwag1236,Mwaghavul,mwag1236,sur,language,Africa,9.47205,8.96522
nand1264,Nande,nand1264,nnb,language,Africa,-0.24904,29.0243
nava1243,Navajo,nava1243,nav,language,North America,36.33,-109.38
neap1235,Continental Southern Italian,neap1235,nap,language,Eurasia,39.2288,16.4225
newa1246,Kathmandu Valley Newari,newa1246,new,language,Eurasia,27.67,85.326
nezp1238,Nez Perce,nezp1238,nez,language,North America,46.3073,-116.408
ngam1282,Ngamo,ngam1282,nbh,language,Africa,12.0048,11.2108
ngba1284,Ngbaka Ma'bo,ngba1284,nbm,language,Africa,4.0,18.12
ngiz1242,Ngizim,ngiz1242,ngi,language,Africa,12.1051,11.0178
niue1239,Niuean,niue1239,niu,language,Papunesia,-19.06,-169.86
nivk1234,Nivkh,nivk1234,,family,Eurasia,52.1857,141.9219
nort2699,Northwestern Kolami,nort2699,kfb,language,Eurasia,20.1022,78.4934
nort2795,Zimbabwean Ndebele,nort2795,nde,language,Africa,-20.2513,27.4096
nort2920,North Tairora,nort2920,tbg,language,Papunesia,-6.51563,145.959
nort2954,Northern Paiute,nort2954,pao,language,North America,40.0799,-119.536
nort3139,Levantine Arabic,nort3139,apc,language,Eurasia,34.1709,36.0468
norw1258,Norwegian,norw1258,nor,language,Eurasia,59.92,10.71
norw1259,Norwegian Bokmål,norw1259,nob,dialect,Eurasia,61.112,8.886
norw1262,Norwegian Nynorsk,norw1262,nno,dialect,Eurasia,59.92,10.71
nucl1235,Eastern Armenian,nucl1235,hye,language,Eurasia,40.0,45.0
nucl1301,Turkish,nucl1301,tur,language,Eurasia,39.8667,32.8667
nucl1302,Georgian,nucl1302,kat,language,Eurasia,41.850397,43.78613
nucl1305,Kannada,nucl1305,kan,language,Eurasia,13.5878,76.1198
nucl1347,Wolof,nucl1347,wol,language,Africa,15.2534,-15.383
nucl1460,Madurese,nucl1460,mad,language,Papunesia,-7.0,113.0
nucl1484,Nuclear Numee,nucl1484,,dialect,Papunesia,-22.2689,166.705
nucl1622,Marind,nucl1622,mrz,language,Papunesia,-8.15651,140.009
nucl1633,Nimboran,nucl1633,nir,language,Papunesia,-2.5803,140.179
nucl1643,Japanese,nucl1643,jpn,language,Eurasia,35.0,135.0
nucl1696,Tangale,nucl1696,tan,language,Africa,9.75444,11.3228
nuor1238,Nuorese,nuor1238,,dialect,Eurasia,40.49,9.09957
nuuc1236,Nuu-chah-nulth,nuuc1236,nuk,language,North America,49.67,-126.67
nyan1302,Nyangbo,nyan1302,nyb,language,Africa,6.82649,0.37152
nyan1308,Nyanja,nyan1308,nya,language,Africa,-14.8047,32.8108
nyat1246,Nyaturu,nyat1246,rim,language,Africa,-5.12263,34.6657
ojib1241,Ojibwa,ojib1241,,family,North America,47.982994444444444,-85.85432777777777
okan1243,Okanagan,okan1243,oka,language,North America,49.2745,-119.294
olde1238,Old English (ca. 450-1100),olde1238,ang,language,Eurasia,51.06,-1.31
oldf1239,Old French (842-ca. 1400),oldf1239,fro,language,Eurasia,48.8,1.11
oldr1238,Old Russian,oldr1238,orv,language,Eurasia,54.813,31.827
omie1241,Ömie,omie1241,aom,language,Papunesia,-9.03136,148.107
orok1269,Orokaiva,orok1269,okv,language,Papunesia,-8.79019,148.09
osse1243,Modern Ossetic,osse1243,,family,Eurasia,42.98,44.61
otta1242,Ottawa,otta1242,otw,language,North America,44.5988,-83.226
panj1256,Eastern Panjabi,panj1256,pan,language,Eurasia,30.0368,75.6702
para1311,Paraguayan Guaraní,para1311,gug,language,South America,-25.60551,-57.08816
pare1266,Gorum-Parenga,pare1266,pcj,language,Eurasia,19.075,83.9723
pipi1250,Pipil,pipi1250,ppl,language,North America,13.8931,-89.443
pira1253,Pirahã,pira1253,myp,language,South America,-6.77713,-61.8167
plat1254,Plateau Malagasy,plat1254,plt,language,Africa,-19.5907,47.1211
pohn1238,Pohnpeian,pohn1238,pon,language,Papunesia,6.87212,158.223
poli1260,Polish,poli1260,pol,language,Eurasia,51.8439,18.6255
popt1235,Popti',popt1235,jac,language,North America,15.6609,-91.6633
port1283,Portuguese,port1283,por,language,Eurasia,39.91,-8.1
pula1262,Pular,pula1262,fuf,language,Africa,12.1826,-12.7338
qanj1241,Q'anjob'al,qanj1241,kjb,language,North America,15.6846,-91.3043
queb1247,Québécois,queb1247,,dialect,Eurasia,48.0,2.0
quec1387,Quechuan,quec1387,,family,South America,-8.890636658639423,-75.82663489653162
reye1240,Reyesano,reye1240,rey,language,South America,-14.8333,-67.0833
roma1326,Romansh,roma1326,roh,language,Eurasia,46.5538,9.92812
roma1327,Romanian,roma1327,ron,language,Eurasia,46.3913,24.2256
roma1334,Romance,roma1334,,family,Africa;Eurasia;North America;Papunesia;South America,41.588280773333345,12.532342982000023
rund1242,Rundi,rund1242,run,language,Africa,-2.94,29.97
russ1263,Russian,russ1263,rus,language,Eurasia,59.0,50.0
russ1264,Russia Buriat,russ1264,bxr,language,Eurasia,50.85331,105.5637
saha1240,Sahaptin,saha1240,,family,North America,45.605925,-119.793
salt1242,Salt-Yui,salt1242,sll,language,Papunesia,-6.26519,145.021
samo1305,Samoan,samo1305,smo,language,Papunesia,-13.92,-171.83
sanm1287,San Mateo del Mar Huave,sanm1287,huv,language,North America,16.2129,-95.0077
sanm1291,San Martín Peras,sanm1291,,dialect,North America,17.35912,-98.237249
sans1269,Sanskrit,sans1269,san,language,Eurasia,20.0,77.0
sanu1240,Sanumá,sanu1240,xsu,language,South America,4.5,-64.5
sara1340,Saramaccan,sara1340,srm,language,South America,4.54729,-54.0238
scot1245,Scottish Gaelic,scot1245,gla,language,Eurasia,56.7574,-5.24366
sena1268,Senaya,sena1268,syn,dialect,Eurasia,35.7776,51.4363
serb1264,Serbian Standard,serb1264,srp,dialect,Eurasia,44.3238,21.9192
sham1280,Shambala,sham1280,ksb,language,Africa,-4.8,38.29
shek1245,Sheko,shek1245,she,language,Africa,7.05022,35.2826
ship1254,Shipibo-Conibo,ship1254,shp,language,South America,-7.17105,-74.8219
shon1251,Shona,shon1251,sna,language,Africa,-17.20849,29.75725
shus1248,Shuswap,shus1248,shs,language,North America,50.8734,-119.667
sici1248,Sicilian,sici1248,scn,language,Eurasia,37.5735,14.0414
siks1238,Siksika,siks1238,bla,language,North America,49.0669,-113.109
sing1272,Singlish,sing1272,,dialect,Eurasia,53.0,-1.0
sinh1246,Sinhala,sinh1246,sin,language,Eurasia,8.0,81.0
sion1247,Siona-Tetete,sion1247,snn,language,South America,0.31733,-76.0237
slav1253,Slave,slav1253,den,family,North America,61.6897,-121.35849999999999
slov1268,Slovenian,slov1268,slv,language,Eurasia,46.2543,14.7766
slov1269,Slovak,slov1269,slk,language,Eurasia,48.545705,18.78479
soma1255,Somali,soma1255,som,language,Africa,4.778704,45.152856
soul1243,Souletin Basque,soul1243,bsz,language,,,
sout1528,Serbian-Croatian-Bosnian,sout1528,hbs,language,Eurasia,44.15,18.81
sout2750,Southern Yukaghir,sout2750,yux,language,Eurasia,64.218,154.375
sout2807,Southern Sotho,sout2807,sot,language,Africa,-28.78,27.89
sout2830,Southern Nilotic,sout2830,,family,Africa,-1.8250255000000002,35.38231291666666
sout2940,South Muyu,sout2940,kts,language,Papunesia,-6.01385,140.815
sout2976,Southeastern Tepehuan,sout2976,stp,language,North America,23.1584,-103.983
stan1288,Spanish,stan1288,spa,language,Eurasia,40.4414,-1.11788
stan1289,Catalan,stan1289,cat,language,Eurasia,41.453,1.569
stan1290,French,stan1290,fra,language,Eurasia,48.0,2.0
stan1293,English,stan1293,eng,language,Africa;Eurasia;South America,53.0,-1.0
stan1295,German,stan1295,deu,language,Eurasia,48.649,12.4676
stan1306,Standard Malay,stan1306,zsm,language,Eurasia,3.08896,101.699
stan1318,Standard Arabic,stan1318,arb,language,Eurasia,27.9625,43.8525
stan1325,Standard Latvian,stan1325,lvs,dialect,Eurasia,57.0,24.0
suki1245,Suki,suki1245,sui,language,Papunesia,-8.04783,141.842
surs1246,Sursurunga,surs1246,sgz,language,Papunesia,-3.99078,152.768
svan1243,Svan,svan1243,sva,language,Eurasia,42.9134,42.5915
swah1253,Swahili,swah1253,swh,language,Africa,-8.25605,37.624
swed1254,Swedish,swed1254,swe,language,Eurasia,59.800634,17.389526
taga1270,Tagalog,taga1270,tgl,language,Papunesia,14.06,121.747
taka1261,Takale,taka1261,,dialect,Eurasia,28.6521,82.7348
tami1289,Tamil,tami1289,tam,language,Eurasia,10.520219,78.825989
tani1257,Tanimuca-Retuarã,tani1257,tnc,language,South America,-0.59023,-70.3853
tari1256,Tariana,tari1256,tae,language,South America,0.440205,-68.9042
tari1263,Tarifiyt-Beni-Iznasen-Eastern Middle Atlas Berber,tari1263,rif,language,Africa,34.916974,-3.430616
tauy1241,Tauya,tauy1241,tya,language,Papunesia,-5.74255,145.366
teiw1235,Teiwa,teiw1235,twe,language,Papunesia,-8.37662,124.174
telk1238,Christian Telkepe,telk1238,,dialect,Eurasia,37.0972,43.5027
telu1262,Telugu,telu1262,tel,language,Eurasia,16.4529,78.7024
teop1238,Teop,teop1238,tio,language,Papunesia,-5.67474,154.971
tetu1245,Tetum,tetu1245,tet,language,Papunesia,-9.11217,125.528
tigr1270,Tigre,tigr1270,tig,language,Africa,17.3494,38.2233
tigr1271,Tigrinya,tigr1271,tir,language,Africa,15.3359,38.9266
tiwi1244,Tiwi,tiwi1244,tiw,language,Australia,-11.6308,130.949
toda1252,Toda,toda1252,tcx,language,Eurasia,11.4184,77.0168
tojo1241,Tojolabal,tojo1241,toj,language,North America,16.2572,-91.7825
tomm1242,Tommo So Dogon,tomm1242,dto,language,Africa,14.756,-3.28
tonk1249,Tonkawa,tonk1249,tqw,language,North America,30.25,-96.75
tswa1253,Tswana,tswa1253,tsn,language,Africa,-24.368,24.7587
tuni1259,Tunisian Arabic,tuni1259,aeb,language,Africa;Eurasia,33.7966,9.56156
tupi1276,Tupi-Guarani,tupi1276,,family,South America,-9.37966500327941,-54.52997405616621
turk1308,Turkana,turk1308,tuv,language,Africa,4.30688,35.7101
tzel1254,Tzeltal,tzel1254,tzh,language,North America,16.6384,-92.2786
tzot1259,Tzotzil,tzot1259,tzo,language,North America,16.6362,-92.7388
udih1248,Udihe,udih1248,ude,language,Eurasia,46.63086,135.67762
uigh1240,Uighur,uigh1240,uig,language,Eurasia,43.88,87.38
ukra1253,Ukrainian,ukra1253,ukr,language,Eurasia,49.796,29.945
unaa1239,Una,unaa1239,mtg,language,Papunesia,-4.69676,140.1
uppe1395,Upper Sorbian,uppe1395,hsb,language,Eurasia,51.2403,14.4098
urdu1245,Urdu,urdu1245,urd,language,Eurasia,25.0,67.0
usar1243,Usarufa,usar1243,usa,language,Papunesia,-6.38898,145.633
vani1248,Vanimo,vani1248,vam,language,Papunesia,-2.68501,141.258
vend1245,Venda,vend1245,ven,language,Africa,-22.188,29.9523
vlaa1240,Western Flemish,vlaa1240,vls,language,Eurasia,51.0754,3.11345
waiw1244,Waiwai,waiw1244,waw,language,South America,1.50881,-59.1417
wand1278,Wandala,wand1278,mfi,language,Africa,11.3169,13.8996
wann1242,Wan,wann1242,wan,language,Africa,7.88773,-5.82092
wara1303,Warao,wara1303,wba,language,South America,7.50851,-59.3528
warr1255,Warrgamay,warr1255,wgy,language,Australia,-18.5468,146.179
warr1258,Warrwa,warr1258,wwr,language,Australia,-17.0965,123.971
wash1253,Washo,wash1253,was,language,North America,38.8184,-119.64
wask1241,Waskia,wask1241,wsk,language,Papunesia,-4.57978,145.979
wels1247,Welsh,wels1247,cym,language,Eurasia,52.0,-4.0
west2369,Western Farsi,west2369,pes,language,Eurasia,32.9,53.3
west2599,West Kewa,west2599,kew,language,Papunesia,-6.32097,143.73
west2635,Akateko,west2635,knj,language,North America,15.5932,-91.8421
west2821,Western Malayic Dayak,west2821,,family,Papunesia,0.5931945000000001,110.06875600000001
xhos1239,Xhosa,xhos1239,xho,language,Africa,-31.0389,28.0769
xokl1240,Xokleng,xokl1240,xok,language,South America,-26.9217,-49.5886
yakk1236,Yakkha,yakk1236,ybh,language,Eurasia,27.3714,87.9306
yaku1245,Sakha,yaku1245,sah,language,Eurasia,61.69744,133.98031
yala1267,Yalálag Zapotec,yala1267,zpu,language,North America,17.2134,-96.2183
yany1243,Yanyuwa,yany1243,jao,language,Australia,-15.7621,136.055
yaoo1241,Yao,yaoo1241,yao,language,Africa,-13.6119,35.2387
yaou1238,Yaouré,yaou1238,yre,language,Africa,6.95282,-5.57851
yape1248,Yapese,yape1248,yap,language,Papunesia,9.55811,138.125
yaqu1251,Yaqui,yaqu1251,yaq,language,North America,29.9446,-110.681
yima1243,Yimas,yima1243,yee,language,Papunesia,-4.71731,143.572
yoru1245,Yoruba,yoru1245,yor,language,Africa,7.15345,3.67225
yuca1254,Yucatec Maya,yuca1254,yua,language,North America,18.7757,-88.9567
zarm1239,Zarma-Kaado,zarm1239,dje,language,Africa,12.8554,2.41173
zulu1248,Zulu,zulu1248,zul,language,Africa,-28.9,30.2
zuni1245,Zuni,zuni1245,zun,language,North America,35.0056,-108.782
zuri1239,Zürich German,zuri1239,,dialect,Eurasia,47.0516,8.46419
